{"cameraMode":{"drawMode":0,"name":"Shaded","section":"Shading Mode"},"sceneLighting":true,"audioPlay":false,"sceneViewState":{"m_AlwaysRefresh":false,"showFog":true,"showSkybox":false,"showFlares":true,"showImageEffects":true,"showParticleSystems":true,"showVisualEffectGraphs":true,"m_FxEnabled":true},"in2DMode":false,"pivot":{"x":7.641172409057617,"y":1.3225257396697999,"z":-22.56009292602539},"rotation":{"x":0.0027201324701309206,"y":-0.970880925655365,"z":-0.011062528006732464,"w":-0.23975017666816712},"size":12.12435531616211,"orthographic":false}